{"cameraMode":{"drawMode":0,"name":"Shaded","section":"Shading Mode"},"sceneLighting":true,"audioPlay":false,"sceneViewState":{"m_AlwaysRefresh":false,"showFog":true,"showSkybox":true,"showFlares":true,"showImageEffects":true,"showParticleSystems":true,"showVisualEffectGraphs":true,"m_FxEnabled":true},"in2DMode":false,"pivot":{"x":-6.667402267456055,"y":8.591009140014649,"z":29.416641235351564},"rotation":{"x":0.019685382023453714,"y":-0.9493900537490845,"z":0.30779480934143069,"w":0.06073174625635147},"size":28.924619674682618,"orthographic":false}