{"cameraMode":{"drawMode":0,"name":"Shaded","section":"Shading Mode"},"sceneLighting":true,"audioPlay":false,"sceneViewState":{"m_AlwaysRefresh":false,"showFog":true,"showSkybox":true,"showFlares":true,"showImageEffects":true,"showParticleSystems":true,"showVisualEffectGraphs":true,"m_FxEnabled":true},"in2DMode":false,"pivot":{"x":0.06761547923088074,"y":-24.611080169677736,"z":-25.92409324645996},"rotation":{"x":0.0027811124455183746,"y":-0.9695397019386292,"z":0.24499467015266419,"w":0.011036121286451817},"size":59.814239501953128,"orthographic":false}