{"cameraMode":{"drawMode":0,"name":"Shaded","section":"Shading Mode"},"sceneLighting":true,"audioPlay":false,"sceneViewState":{"m_AlwaysRefresh":false,"showFog":true,"showSkybox":true,"showFlares":true,"showImageEffects":true,"showParticleSystems":true,"showVisualEffectGraphs":true,"m_FxEnabled":true},"in2DMode":false,"pivot":{"x":1.4485234022140504,"y":23.780101776123048,"z":74.17196655273438},"rotation":{"x":0.0019035758450627328,"y":-0.973355770111084,"z":0.22955898940563203,"w":0.00816171895712614},"size":12.17051887512207,"orthographic":false}