{"cameraMode":{"drawMode":0,"name":"Shaded","section":"Shading Mode"},"sceneLighting":true,"audioPlay":false,"sceneViewState":{"m_AlwaysRefresh":false,"showFog":true,"showSkybox":true,"showFlares":true,"showImageEffects":true,"showParticleSystems":true,"showVisualEffectGraphs":true,"m_FxEnabled":true},"in2DMode":false,"pivot":{"x":4.104179859161377,"y":-4.482422828674316,"z":-17.00735092163086},"rotation":{"x":-0.0003656178305391222,"y":0.9903282523155212,"z":-0.13906435668468476,"w":-0.0020685135386884214},"size":44.90961837768555,"orthographic":false}