{"cameraMode":{"drawMode":0,"name":"Shaded","section":"Shading Mode"},"sceneLighting":true,"audioPlay":false,"sceneViewState":{"m_AlwaysRefresh":false,"showFog":true,"showSkybox":true,"showFlares":true,"showImageEffects":true,"showParticleSystems":true,"showVisualEffectGraphs":true,"m_FxEnabled":true},"in2DMode":false,"pivot":{"x":71.47758483886719,"y":74.5012435913086,"z":15.996170043945313},"rotation":{"x":0.0018055151449516416,"y":0.9841246008872986,"z":-0.17756684124469758,"w":0.010052869096398354},"size":14.606966018676758,"orthographic":false}