{"cameraMode":{"drawMode":0,"name":"Shaded","section":"Shading Mode"},"sceneLighting":true,"audioPlay":false,"sceneViewState":{"m_AlwaysRefresh":false,"showFog":true,"showSkybox":true,"showFlares":true,"showImageEffects":true,"showParticleSystems":true,"showVisualEffectGraphs":true,"m_FxEnabled":true},"in2DMode":false,"pivot":{"x":9.149924278259278,"y":9.096753120422364,"z":-17.877302169799806},"rotation":{"x":0.002999774646013975,"y":0.9957624077796936,"z":-0.08535640686750412,"w":0.035267967730760577},"size":44.39237976074219,"orthographic":false}